slug	glossary_key	qualifier	minted	status	replaced_by
aglett-butons-childrens-capes	aglett	butons childrens capes	2026-09-29	deprecated	aglett
aglett-butons-other-capes-coper	aglett	butons other capes coper	2026-09-29	deprecated	aglett
amber-lamber-counterfeit-beades	amber	lamber counterfeit beades	2026-09-29	deprecated	amber
apple-pipins-rinetes	apple	pipins rinetes	2026-09-29	deprecated	apple
ashes-kingdom-of-england	ashes	kingdom of england	2026-09-29	deprecated	ashes
ashes-sop	ashes	sop	2026-09-29	deprecated	ashes
ashes-uoad	ashes	uoad	2026-09-29	deprecated	ashes
ashes-uod	ashes	uod	2026-09-29	deprecated	ashes
awl-blade-blades-aules	awl blade	blades aules	2026-09-29	deprecated	awl-blade
awl-blade-shomakres	awl blade	shomakres	2026-09-29	deprecated	awl-blade
awl-haft-haftes-aules	awl haft	haftes aules	2026-09-29	deprecated	awl-haft
bag-lockes	bag	lockes	2026-09-29	deprecated	bag
bag-stel-ringes-uithout-lockes	bag	stel ringes uithout lockes	2026-09-29	deprecated	bag
bag-stel-ringes-uithout-lokes	bag	stel ringes uithout lokes	2026-09-29	deprecated	bag
balance-gold	balance	gold	2026-09-29	deprecated	balance
balance-ounc	balance	ounc	2026-09-29	deprecated	balance
banker-coarse	banker	coarse	2026-09-29	deprecated	banker
banker-fine	banker	fine	2026-09-29	deprecated	banker
banker-uerdu	banker	uerdu	2026-09-29	deprecated	banker
barrel-bordes	barrel	bordes	2026-09-29	deprecated	barrel
barrel-hopes	barrel	hopes	2026-09-29	deprecated	barrel
bast-rop	bast	rop	2026-09-29	deprecated	bast
bast-ropes	bast	ropes	2026-09-29	deprecated	bast
bast-straw-hates	bast	straw hates	2026-09-29	deprecated	bast
bast-straw-hates-knotes	bast	straw hates knotes	2026-09-29	deprecated	bast
bead-bone	bead	bone	2026-09-29	deprecated	bead
bead-box	bead	box	2026-09-29	deprecated	bead
bead-boxes	bead	boxes	2026-09-29	deprecated	bead
bead-uod	bead	uod	2026-09-29	deprecated	bead
bead-wood	bead	wood	2026-09-29	deprecated	bead
beaver-beles	beaver	beles	2026-09-29	deprecated	beaver
beaver-skin	beaver	skin	2026-09-29	deprecated	beaver
bellow-uhisteling	bellow	uhisteling	2026-09-29	deprecated	bellow
bellow-uhistling	bellow	uhistling	2026-09-29	deprecated	bellow
blanket-paris-manteles-red-dye	blanket	paris manteles red dye	2026-09-29	deprecated	blanket
blanket-paris-manteles-white	blanket	paris manteles white	2026-09-29	deprecated	blanket
bottle-glass	bottle	glass	2026-09-29	deprecated	bottle
bottle-glass-uices-covered-leather	bottle	glass uices covered leather	2026-09-29	deprecated	bottle
bottle-glass-uncovered	bottle	glass uncovered	2026-09-29	deprecated	bottle
bottle-uickers	bottle	uickers	2026-09-29	deprecated	bottle
brabant-cloth-cloth	brabant cloth	cloth	2026-10-03	deprecated	brabant-cloth
brabant-cloth-cloth-other-folden-lik-holland-pec-laun-mifil-uether-fine-coarse	brabant cloth	cloth other folden lik holland pec laun mifil uether fine coarse	2026-10-03	deprecated	brabant-cloth
brick-county-of-flanders-scoring	brick	county of flanders scoring	2026-09-29	deprecated	brick
bristle-rough	bristle	rough	2026-09-29	deprecated	bristle
brush-coarse-heath	brush	coarse heath	2026-09-29	deprecated	brush
brush-coarse-heth-cap	brush	coarse heth cap	2026-09-29	deprecated	brush
brush-fine	brush	fine	2026-09-29	deprecated	brush
brush-fine-heath	brush	fine heath	2026-09-29	deprecated	brush
brush-hear	brush	hear	2026-09-29	deprecated	brush
brush-rubing-hear	brush	rubing hear	2026-09-29	deprecated	brush
brush-rubing-heath	brush	rubing heath	2026-09-29	deprecated	brush
brush-rubing-i	brush	rubing i	2026-09-29	deprecated	brush
brush-weaver-hear	brush	weaver hear	2026-09-29	deprecated	brush
buckram-france	buckram	france	2026-09-29	deprecated	buckram
buckram-france-making-hanginges	buckram	france making hanginges	2026-09-29	deprecated	buckram
buckram-short-roules	buckram	short roules	2026-09-29	deprecated	buckram
budge-black	budge	black	2026-09-29	deprecated	budge
budge-black-taued	budge	black taued	2026-09-29	deprecated	budge
budge-black-untaued	budge	black untaued	2026-09-29	deprecated	budge
budge-isle-of-wight-bodges	budge	isle of wight bodges	2026-09-29	deprecated	budge
budge-romney	budge	romney	2026-09-29	deprecated	budge
budge-white-taued	budge	white taued	2026-09-29	deprecated	budge
buske-broad	buske	broad	2026-09-29	deprecated	buske
buske-cloth-broad	buske	cloth broad	2026-09-29	deprecated	buske
butter-corupt	butter	corupt	2026-09-29	deprecated	butter
butter-god	butter	god	2026-09-29	deprecated	butter
button-file	button	file	2026-09-29	deprecated	button
button-silk	button	silk	2026-09-29	deprecated	button
button-stel-coper-tin-latten-jerkins	button	stel coper tin latten jerkins	2026-09-29	deprecated	button
cable-ropes	cable	ropes	2026-09-29	deprecated	cable
cable-ropes-untared	cable	ropes untared	2026-09-29	deprecated	cable
calaber-in-season	calaber	in season	2026-09-29	deprecated	calaber
calaber-out-of-season	calaber	out of season	2026-09-29	deprecated	calaber
calaber-taued	calaber	taued	2026-09-29	deprecated	calaber
calaber-untaued	calaber	untaued	2026-09-29	deprecated	calaber
calamine-alias-large	calamine	alias large	2026-09-29	deprecated	calamine
camlet-uatred-unuatred	camlet	uatred unuatred	2026-09-29	deprecated	camlet
canvas-baras	canvas	baras	2026-09-29	deprecated	canvas
canvas-coarse-packing	canvas	coarse packing	2026-09-29	deprecated	canvas
canvas-cunterfet-uorst	canvas	cunterfet uorst	2026-09-29	deprecated	canvas
canvas-neucastel	canvas	neucastel	2026-09-29	deprecated	canvas
canvas-neuecastel	canvas	neuecastel	2026-09-29	deprecated	canvas
canvas-normandy	canvas	normandy	2026-09-29	deprecated	canvas
canvas-normandy-brown	canvas	normandy brown	2026-09-29	deprecated	canvas
canvas-normandy-brown-cloth	canvas	normandy brown cloth	2026-09-29	deprecated	canvas
canvas-normandy-white	canvas	normandy white	2026-09-29	deprecated	canvas
canvas-paris	canvas	paris	2026-09-29	deprecated	canvas
canvas-prussia	canvas	prussia	2026-09-29	deprecated	canvas
canvas-quilted-silk	canvas	quilted silk	2026-09-29	deprecated	canvas
canvas-striped-file	canvas	striped file	2026-09-29	deprecated	canvas
canvas-striped-silk	canvas	striped silk	2026-09-29	deprecated	canvas
canvas-uitori	canvas	uitori	2026-09-29	deprecated	canvas
canvas-uorking-brod	canvas	uorking brod	2026-09-29	deprecated	canvas
canvas-uorking-ele-broad	canvas	uorking ele broad	2026-09-29	deprecated	canvas
canvas-uorking-narrow	canvas	uorking narrow	2026-09-29	deprecated	canvas
canvas-vitry	canvas	vitry	2026-09-29	deprecated	canvas
cap-balsanum	cap	balsanum	2026-09-29	deprecated	cap
cap-botoned-english	cap	botoned english	2026-09-29	deprecated	cap
cap-caces-lether	cap	caces lether	2026-09-29	deprecated	cap
cap-childrens-night	cap	childrens night	2026-09-29	deprecated	cap
cap-coarse	cap	coarse	2026-09-29	deprecated	cap
cap-dobl-tarsed-cokered	cap	dobl tarsed cokered	2026-09-29	deprecated	cap
cap-double-tarfed-necked-other-france-making	cap	double tarfed necked other france making	2026-09-29	deprecated	cap
cap-france-other-double-tarfed	cap	france other double tarfed	2026-09-29	deprecated	cap
cap-france-single-tarfed	cap	france single tarfed	2026-09-29	deprecated	cap
cap-gold	cap	gold	2026-09-29	deprecated	cap
cap-prest	cap	prest	2026-09-29	deprecated	cap
cap-riband	cap	riband	2026-09-29	deprecated	cap
cap-single-crounes	cap	single crounes	2026-09-29	deprecated	cap
cap-single-tarfs	cap	single tarfs	2026-09-29	deprecated	cap
carpet-ghent	carpet	ghent	2026-09-29	deprecated	carpet
carpet-turnei-venice	carpet	turnei venice	2026-09-29	deprecated	carpet
carpet-turqui	carpet	turqui	2026-09-29	deprecated	carpet
case-decorated-larg-ivory-combes	case	decorated larg ivory combes	2026-09-29	deprecated	case
case-garneshed-ivory-combes-mid	case	garneshed ivory combes mid	2026-09-29	deprecated	case
case-spectakl-gilt	case	spectakl gilt	2026-09-29	deprecated	case
case-spectakl-ungilt	case	spectakl ungilt	2026-09-29	deprecated	case
casket-large	casket	large	2026-09-29	deprecated	casket
casket-mid	casket	mid	2026-09-29	deprecated	casket
casket-small	casket	small	2026-09-29	deprecated	casket
casket-stel-casketes	casket	stel casketes	2026-09-29	deprecated	casket
cat-fur-paw	cat fur	paw	2026-09-29	deprecated	cat-fur
cat-fur-skin	cat fur	skin	2026-09-29	deprecated	cat-fur
cat-fur-womb	cat fur	womb	2026-09-29	deprecated	cat-fur
caul-linen-uomen	caul	linen uomen	2026-09-29	deprecated	caul
caul-silk-childrens	caul	silk childrens	2026-09-29	deprecated	caul
chafer-iron	chafer	iron	2026-09-29	deprecated	chafer
chafer-latten	chafer	latten	2026-09-29	deprecated	chafer
chest-cyprus	chest	cyprus	2026-09-29	deprecated	chest
chest-prussia-dansk	chest	prussia dansk	2026-09-29	deprecated	chest
chisel-half	chisel	half	2026-09-29	deprecated	chisel
chisel-joiners-whole	chisel	joiners whole	2026-09-29	deprecated	chisel
clapboard-large	clapboard	large	2026-09-29	deprecated	clapboard
clapboard-small	clapboard	small	2026-09-29	deprecated	clapboard
cloth-brabant-other-folden-lik-holland-pec-laun-mifil-uether-fine-coarse	cloth	brabant other folden lik holland pec laun mifil uether fine coarse	2026-09-29	deprecated	cloth
cloth-bresil	cloth	bresil	2026-09-29	deprecated	cloth
cloth-bretish	cloth	bretish	2026-09-29	deprecated	cloth
cloth-brisel	cloth	brisel	2026-09-29	deprecated	cloth
cloth-brittany	cloth	brittany	2026-09-29	deprecated	cloth
cloth-calico	cloth	calico	2026-09-29	deprecated	cloth
cloth-calicou	cloth	calicou	2026-09-29	deprecated	cloth
cloth-diapor-tabl	cloth	diapor tabl	2026-09-29	deprecated	cloth
cloth-dioper-tabl	cloth	dioper tabl	2026-09-29	deprecated	cloth
cloth-doughlas-bretish-crest-lokeram-conteining-scor	cloth	doughlas bretish crest lokeram conteining scor	2026-09-29	deprecated	cloth
cloth-florauns-wool	cloth	florauns wool	2026-09-29	deprecated	cloth
cloth-france-wool	cloth	france wool	2026-09-29	deprecated	cloth
cloth-ghent	cloth	ghent	2026-09-29	deprecated	cloth
cloth-gold-plain	cloth	gold plain	2026-09-29	deprecated	cloth
cloth-gold-worked	cloth	gold worked	2026-09-29	deprecated	cloth
cloth-hastrei-brown	cloth	hastrei brown	2026-09-29	deprecated	cloth
cloth-hazebrouck	cloth	hazebrouck	2026-09-29	deprecated	cloth
cloth-hazebrouck-brown	cloth	hazebrouck brown	2026-09-29	deprecated	cloth
cloth-hazebrouck-white	cloth	hazebrouck white	2026-09-29	deprecated	cloth
cloth-hesigham	cloth	hesigham	2026-09-29	deprecated	cloth
cloth-lineng-caled-camemerick	cloth	lineng caled camemerick	2026-09-29	deprecated	cloth
cloth-lining-brabond	cloth	lining brabond	2026-09-29	deprecated	cloth
cloth-lining-right-city-of-brussels-cunterfet	cloth	lining right city of brussels cunterfet	2026-09-29	deprecated	cloth
cloth-munster	cloth	munster	2026-09-29	deprecated	cloth
cloth-siluer-plain	cloth	siluer plain	2026-09-29	deprecated	cloth
cloth-siluer-worked	cloth	siluer worked	2026-09-29	deprecated	cloth
cloth-stiched-worked	cloth	stiched worked	2026-09-29	deprecated	cloth
cloth-tissue	cloth	tissue	2026-09-29	deprecated	cloth
cloth-white-normandy	cloth	white normandy	2026-09-29	deprecated	cloth
cod-fish	cod	fish	2026-09-29	deprecated	cod
cod-hedes	cod	hedes	2026-09-29	deprecated	cod
cod-heds	cod	heds	2026-09-29	deprecated	cod
coffer-bares	coffer	bares	2026-09-29	deprecated	coffer
coffer-covered-gilt-lether	coffer	covered gilt lether	2026-09-29	deprecated	coffer
coffer-covered-ueluet	coffer	covered ueluet	2026-09-29	deprecated	coffer
coffer-painted	coffer	painted	2026-09-29	deprecated	coffer
coffer-plain	coffer	plain	2026-09-29	deprecated	coffer
comb-caces	comb	caces	2026-09-29	deprecated	comb
comb-caces-double	comb	caces double	2026-09-29	deprecated	comb
comb-cases-decorated-uoden	comb	cases decorated uoden	2026-09-29	deprecated	comb
comb-fox-case-dobl	comb	fox case dobl	2026-09-29	deprecated	comb
comb-fox-case-single	comb	fox case single	2026-09-29	deprecated	comb
comb-horn-barbors	comb	horn barbors	2026-09-29	deprecated	comb
comb-horsmaines	comb	horsmaines	2026-09-29	deprecated	comb
comb-nauern-box	comb	nauern box	2026-09-29	deprecated	comb
comb-nauern-boxes	comb	nauern boxes	2026-09-29	deprecated	comb
comb-small	comb	small	2026-09-29	deprecated	comb
compass-joiners-carpenters	compass	joiners carpenters	2026-09-29	deprecated	compass
compass-shipes	compass	shipes	2026-09-29	deprecated	compass
copper-brouches	copper	brouches	2026-09-29	deprecated	copper
copper-cheines	copper	cheines	2026-09-29	deprecated	copper
copper-gold-2	copper	gold	2026-09-29	deprecated	copper
copper-gold-quils-roles	copper	gold quils roles	2026-09-29	deprecated	copper
copper-gold-upon-quiles	copper	gold upon quiles	2026-09-29	deprecated	copper
copper-goul	copper	goul	2026-09-29	deprecated	copper
copper-red-round-square	copper	red round square	2026-09-29	deprecated	copper
copper-round-square	copper	round square	2026-09-29	deprecated	copper
copperas-grean	copperas	grean	2026-09-29	deprecated	copperas
cotton-8-new	cotton_8	new	2026-09-29	deprecated	cotton-8
cotton-8-new-womens-hedes	cotton_8	new womens hedes	2026-09-29	deprecated	cotton-8
cotton-8-old	cotton_8	old	2026-09-29	deprecated	cotton-8
cotton-8-old-womens-hedes	cotton_8	old womens hedes	2026-09-29	deprecated	cotton-8
cotton-8-spon	cotton_8	spon	2026-09-29	deprecated	cotton-8
cotton-8-unspon	cotton_8	unspon	2026-09-29	deprecated	cotton-8
cotton-8-uol	cotton_8	uol	2026-09-29	deprecated	cotton-8
cotton-8-uol-spoun	cotton_8	uol spoun	2026-09-29	deprecated	cotton-8
crest-cloth	crest	cloth	2026-09-29	deprecated	crest
crest-cloth-lokeram-doglas	crest	cloth lokeram doglas	2026-09-29	deprecated	crest
crewel-cadas-riband	crewel	cadas riband	2026-09-29	deprecated	crewel
crewel-girdeles	crewel	girdeles	2026-09-29	deprecated	crewel
crewel-girdels	crewel	girdels	2026-09-29	deprecated	crewel
crewel-ribond	crewel	ribond	2026-09-29	deprecated	crewel
crewel-worsted-iarn	crewel	worsted iarn	2026-09-29	deprecated	crewel
crossbow-file	crossbow	file	2026-09-29	deprecated	crossbow
crossbow-lathes	crossbow	lathes	2026-09-29	deprecated	crossbow
crossbow-thrid	crossbow	thrid	2026-09-29	deprecated	crossbow
cruse-stoneware-uith-couers	cruse	stoneware uith couers	2026-09-29	deprecated	cruse
cruse-stoneware-uithout-couers	cruse	stoneware uithout couers	2026-09-29	deprecated	cruse
curtain-caparis	curtain	caparis	2026-09-29	deprecated	curtain
curtain-ringes	curtain	ringes	2026-09-29	deprecated	curtain
cushion-clothes	cushion	clothes	2026-09-29	deprecated	cushion
cushion-clothes-coarse	cushion	clothes coarse	2026-09-29	deprecated	cushion
cushion-clothes-holland-making	cushion	clothes holland making	2026-09-29	deprecated	cushion
dagger-black-velvet-shethes	dagger	black velvet shethes	2026-09-29	deprecated	dagger
dagger-coarse	dagger	coarse	2026-09-29	deprecated	dagger
dagger-fine-childrens	dagger	fine childrens	2026-09-29	deprecated	dagger
dagger-gilt-velvet-shethes	dagger	gilt velvet shethes	2026-09-29	deprecated	dagger
damask-cafa-damask	damask	cafa damask	2026-09-29	deprecated	damask
damask-cafa-damask-crimson-purple	damask	cafa damask crimson purple	2026-09-29	deprecated	damask
damask-coloures	damask	coloures	2026-09-29	deprecated	damask
damask-crimson-purpel	damask	crimson purpel	2026-09-29	deprecated	damask
damask-lether-taued	damask	lether taued	2026-09-29	deprecated	damask
damask-napkins	damask	napkins	2026-09-29	deprecated	damask
damask-tabl-cloth	damask	tabl cloth	2026-09-29	deprecated	damask
damask-toueling	damask	toueling	2026-09-29	deprecated	damask
damask-uark	damask	uark	2026-09-29	deprecated	damask
damask-worked	damask	worked	2026-09-29	deprecated	damask
deal-bourdes-prussia	deal	bourdes prussia	2026-09-29	deprecated	deal
deal-norway	deal	norway	2026-09-29	deprecated	deal
dial-bone	dial	bone	2026-09-29	deprecated	dial
dial-wood	dial	wood	2026-09-29	deprecated	dial
dornick-cadas	dornick	cadas	2026-09-29	deprecated	dornick
dornick-file	dornick	file	2026-09-29	deprecated	dornick
dornick-green-tournai	dornick	green tournai	2026-09-29	deprecated	dornick
dornick-silk	dornick	silk	2026-09-29	deprecated	dornick
dornick-thriden	dornick	thriden	2026-09-29	deprecated	dornick
dornick-uithout-silk-cadas	dornick	uithout silk cadas	2026-09-29	deprecated	dornick
dornick-uol	dornick	uol	2026-09-29	deprecated	dornick
dornick-wool	dornick	wool	2026-09-29	deprecated	dornick
doublet-canuas	doublet	canuas	2026-09-29	deprecated	doublet
doublet-canuas-quilted	doublet	canuas quilted	2026-09-29	deprecated	doublet
doublet-silk-quilted	doublet	silk quilted	2026-09-29	deprecated	doublet
dudgeon-loges	dudgeon	loges	2026-09-29	deprecated	dudgeon
eel-chaft-eles	eel	chaft eles	2026-09-29	deprecated	eel
eel-chaft-elis	eel	chaft elis	2026-09-29	deprecated	eel
eel-pimper	eel	pimper	2026-09-29	deprecated	eel
eel-pimper-eles	eel	pimper eles	2026-09-29	deprecated	eel
eel-shaft-kiu-dol	eel	shaft kiu dol	2026-09-29	deprecated	eel
eel-stoub	eel	stoub	2026-09-29	deprecated	eel
eel-stub	eel	stub	2026-09-29	deprecated	eel
falcon-hauk	falcon	hauk	2026-09-29	deprecated	falcon
falcon-haukes	falcon	haukes	2026-09-29	deprecated	falcon
fig-frailes	fig	frailes	2026-09-29	deprecated	fig
fish-bareled	fish	bareled	2026-09-29	deprecated	fish
fish-mid	fish	mid	2026-09-29	deprecated	fish
fish-new-land	fish	new land	2026-09-29	deprecated	fish
fish-new-land-greatist	fish	new land greatist	2026-09-29	deprecated	fish
fish-small	fish	small	2026-09-29	deprecated	fish
fish-stapl	fish	stapl	2026-09-29	deprecated	fish
fitches-bareled	fitches	bareled	2026-09-29	deprecated	fitches
fitches-stock-calid-cropeling	fitches	stock calid cropeling	2026-09-29	deprecated	fitches
fitches-stock-calid-fit-ling	fitches	stock calid fit ling	2026-09-29	deprecated	fitches
fitches-stock-gil-fisch	fitches	stock gil fisch	2026-09-29	deprecated	fitches
flask-covered-velvet	flask	covered velvet	2026-09-29	deprecated	flask
flask-gon-powdered-covered-lether	flask	gon powdered covered lether	2026-09-29	deprecated	flask
flax-hickeled-sak-c	flax	hickeled sak c	2026-09-29	deprecated	flax
flax-pak-c	flax	pak c	2026-09-29	deprecated	flax
flax-unwrought	flax	unwrought	2026-09-29	deprecated	flax
flax-worked	flax	worked	2026-09-29	deprecated	flax
foin-out-of-season	foin	out of season	2026-09-29	deprecated	foin
foin-out-of-season-womb	foin	out of season womb	2026-09-29	deprecated	foin
foin-tailes	foin	tailes	2026-09-29	deprecated	foin
foin-womb	foin	womb	2026-09-29	deprecated	foin
foin-womb-out-of-season	foin	womb out of season	2026-09-29	deprecated	foin
fox-isle-of-wight	fox	isle of wight	2026-09-29	deprecated	fox
fox-skin	fox	skin	2026-09-29	deprecated	fox
fox-skines	fox	skines	2026-09-29	deprecated	fox
fox-womb-fox-poles-petes	fox	womb fox poles petes	2026-09-29	deprecated	fox
fox-womb-poules-peces	fox	womb poules peces	2026-09-29	deprecated	fox
fustian-anapels	fustian	anapels	2026-09-29	deprecated	fustian
fustian-jan	fustian	jan	2026-09-29	deprecated	fustian
fustian-milain	fustian	milain	2026-09-29	deprecated	fustian
fustian-naples	fustian	naples	2026-09-29	deprecated	fustian
genet-black	genet	black	2026-09-29	deprecated	genet
genet-black-in-season	genet	black in season	2026-09-29	deprecated	genet
genet-black-raw	genet	black raw	2026-09-29	deprecated	genet
genet-grey	genet	grey	2026-09-29	deprecated	genet
genet-grey-in-season	genet	grey in season	2026-09-29	deprecated	genet
genet-grey-raw	genet	grey raw	2026-09-29	deprecated	genet
girdle-buff-coarse-ungilt	girdle	buff coarse ungilt	2026-09-29	deprecated	girdle
girdle-buff-gilted	girdle	buff gilted	2026-09-29	deprecated	girdle
girdle-lether	girdle	lether	2026-09-29	deprecated	girdle
girdle-velvet-guilt	girdle	velvet guilt	2026-09-29	deprecated	girdle
girdle-velvet-ungilt	girdle	velvet ungilt	2026-09-29	deprecated	girdle
glass-3-balm	glass_3	balm	2026-09-29	deprecated	glass-3
glass-3-baum	glass_3	baum	2026-09-29	deprecated	glass-3
glass-3-drink	glass_3	drink	2026-09-29	deprecated	glass-3
glass-3-for-drinking-france-making	glass_3	for drinking france making	2026-09-29	deprecated	glass-3
glass-3-for-drinking-venice-making	glass_3	for drinking venice making	2026-09-29	deprecated	glass-3
glass-3-france-making	glass_3	france making	2026-09-29	deprecated	glass-3
glass-3-loking	glass_3	loking	2026-09-29	deprecated	glass-3
glass-3-ouer	glass_3	ouer	2026-09-29	deprecated	glass-3
glass-3-ouer-county-of-flanders-making-fine	glass_3	ouer county of flanders making fine	2026-09-29	deprecated	glass-3
glass-3-ouer-venice-making	glass_3	ouer venice making	2026-09-29	deprecated	glass-3
glass-3-roseuater-other-suet-uater-venice-making-oiles-lik	glass_3	roseuater other suet uater venice making oiles lik	2026-09-29	deprecated	glass-3
glass-3-spectacles	glass_3	spectacles	2026-09-29	deprecated	glass-3
glove-bruges	glove	bruges	2026-09-29	deprecated	glove
glove-bruges-france	glove	bruges france	2026-09-29	deprecated	glove
glove-canari-unwrought	glove	canari unwrought	2026-09-29	deprecated	glove
glove-knitted-silk	glove	knitted silk	2026-09-29	deprecated	glove
glove-milan-unwrought	glove	milan unwrought	2026-09-29	deprecated	glove
glove-milin-canary-islands	glove	milin canary islands	2026-09-29	deprecated	glove
glove-venice-milan-canari-worked-gold-silk-silver	glove	venice milan canari worked gold silk silver	2026-09-29	deprecated	glove
glove-venice-unwrought	glove	venice unwrought	2026-09-29	deprecated	glove
goat-skin-skin	goat skin	skin	2026-09-29	deprecated	goat-skin
grey-taued	grey	taued	2026-09-29	deprecated	grey
grey-tawed	grey	tawed	2026-09-29	deprecated	grey
grey-untaued	grey	untaued	2026-09-29	deprecated	grey
gross-abou-thes-rates	gross	abou thes rates	2026-09-29	deprecated	gross
gross-dosen-paper	gross	dosen paper	2026-09-29	deprecated	gross
gum-ammoniac	gum	ammoniac	2026-09-29	deprecated	gum
gum-apopomack	gum	apopomack	2026-09-29	deprecated	gum
gum-arabia	gum	arabia	2026-09-29	deprecated	gum
gum-ceraphan	gum	ceraphan	2026-09-29	deprecated	gum
gum-eder	gum	eder	2026-09-29	deprecated	gum
gum-elemni	gum	elemni	2026-09-29	deprecated	gum
gum-junperi	gum	junperi	2026-09-29	deprecated	gum
gunpowder-corn	gunpowder	corn	2026-09-29	deprecated	gunpowder
gunpowder-serpentin	gunpowder	serpentin	2026-09-29	deprecated	gunpowder
halberd-gilt	halberd	gilt	2026-09-29	deprecated	halberd
halberd-ungilt	halberd	ungilt	2026-09-29	deprecated	halberd
hat-bandes-coarse	hat	bandes coarse	2026-09-29	deprecated	hat
hat-bandes-fine	hat	bandes fine	2026-09-29	deprecated	hat
hat-france	hat	france	2026-09-29	deprecated	hat
hat-saten	hat	saten	2026-09-29	deprecated	hat
hat-silk-men-uomen-france-making	hat	silk men uomen france making	2026-09-29	deprecated	hat
hat-spain-feltes-portugal	hat	spain feltes portugal	2026-09-29	deprecated	hat
hat-uol-worsted-being-thrum	hat	uol worsted being thrum	2026-09-29	deprecated	hat
hat-velvet	hat	velvet	2026-09-29	deprecated	hat
hat-venice-spain	hat	venice spain	2026-09-29	deprecated	hat
hat-worsted-short-thrum-bruges	hat	worsted short thrum bruges	2026-09-29	deprecated	hat
hemp-colain	hemp	colain	2026-09-29	deprecated	hemp
hemp-cologne	hemp	cologne	2026-09-29	deprecated	hemp
herring-ful	herring	ful	2026-09-29	deprecated	herring
herring-full	herring	full	2026-09-29	deprecated	herring
herring-red	herring	red	2026-09-29	deprecated	herring
herring-shotten	herring	shotten	2026-09-29	deprecated	herring
hook-endes	hook	endes	2026-09-29	deprecated	hook
hook-small	hook	small	2026-10-03	deprecated	hook
horn-tip-hornes	horn tip	hornes	2026-09-29	deprecated	horn-tip
horn-tip-hornes-horn	horn tip	hornes horn	2026-09-29	deprecated	horn-tip
hose-long	hose	long	2026-09-29	deprecated	hose
hose-prussia-skin	hose	prussia skin	2026-09-29	deprecated	hose
hose-short	hose	short	2026-09-29	deprecated	hose
hose-silk-knitted	hose	silk knitted	2026-09-29	deprecated	hose
inkle-unwrought-white-file-single-double	inkle	unwrought white file single double	2026-09-29	deprecated	inkle
inkle-worked	inkle	worked	2026-09-29	deprecated	inkle
iperling-red	iperling	red	2026-09-29	deprecated	iperling
javelin-uithout-heades	javelin	uithout heades	2026-09-29	deprecated	javelin
knife-almain	knife	almain	2026-09-29	deprecated	knife
knife-caruing	knife	caruing	2026-09-29	deprecated	knife
knife-coarse	knife	coarse	2026-09-29	deprecated	knife
knife-colain	knife	colain	2026-09-29	deprecated	knife
knife-fine-velvet-shethes	knife	fine velvet shethes	2026-09-29	deprecated	knife
knife-france-coarse	knife	france coarse	2026-09-29	deprecated	knife
knife-paires-almain-other-coarse	knife	paires almain other coarse	2026-09-29	deprecated	knife
knife-paires-cologne-kniues	knife	paires cologne kniues	2026-09-29	deprecated	knife
knife-paires-france-coarse	knife	paires france coarse	2026-09-29	deprecated	knife
knife-penkniues	knife	penkniues	2026-09-29	deprecated	knife
knife-prages	knife	prages	2026-09-29	deprecated	knife
knife-rasures	knife	rasures	2026-09-29	deprecated	knife
knife-stockes-coarse-ungilt	knife	stockes coarse ungilt	2026-09-29	deprecated	knife
knife-stockes-guilt	knife	stockes guilt	2026-09-29	deprecated	knife
knife-sword-blades	knife	sword blades	2026-09-29	deprecated	knife
knife-velvet-shethes-coarse-childrens	knife	velvet shethes coarse childrens	2026-09-29	deprecated	knife
lace-britain	lace	britain	2026-09-29	deprecated	lace
lace-flaunderes	lace	flaunderes	2026-09-29	deprecated	lace
lamb-black	lamb	black	2026-09-29	deprecated	lamb
lamb-skin-black	lamb	skin black	2026-09-29	deprecated	lamb
lamb-skin-morkin	lamb	skin morkin	2026-09-29	deprecated	lamb
lamb-skin-white	lamb	skin white	2026-09-29	deprecated	lamb
latten-basan	latten	basan	2026-09-29	deprecated	latten
latten-basons	latten	basons	2026-09-29	deprecated	latten
latten-black-roles	latten	black roles	2026-09-29	deprecated	latten
latten-black-roules	latten	black roules	2026-09-29	deprecated	latten
latten-candelstickes-large-sort	latten	candelstickes large sort	2026-09-29	deprecated	latten
latten-candilsteckes-small-b-ui	latten	candilsteckes small b ui	2026-09-29	deprecated	latten
latten-cesternes-cuperdes	latten	cesternes cuperdes	2026-09-29	deprecated	latten
latten-counters	latten	counters	2026-09-29	deprecated	latten
latten-plat	latten	plat	2026-09-29	deprecated	latten
latten-shauen	latten	shauen	2026-09-29	deprecated	latten
latten-shoing-hornes	latten	shoing hornes	2026-09-29	deprecated	latten
latten-uier	latten	uier	2026-09-29	deprecated	latten
leather-bages-lockes	leather	bages lockes	2026-09-29	deprecated	leather
leather-bages-uithout-lockes	leather	bages uithout lockes	2026-09-29	deprecated	leather
leather-coshens	leather	coshens	2026-09-29	deprecated	leather
leather-couschenes	leather	couschenes	2026-09-29	deprecated	leather
leather-cushinges	leather	cushinges	2026-09-29	deprecated	leather
leather-dansk-taud	leather	dansk taud	2026-09-29	deprecated	leather
leather-girdels	leather	girdels	2026-09-29	deprecated	leather
leather-girdels-new-making	leather	girdels new making	2026-09-29	deprecated	leather
leather-laces	leather	laces	2026-09-29	deprecated	leather
leather-red-bash-coshines	leather	red bash coshines	2026-09-29	deprecated	leather
leather-touch-boxes	leather	touch boxes	2026-09-29	deprecated	leather
lettuis-taued	lettuis	taued	2026-09-29	deprecated	lettuis
lettuis-untaued	lettuis	untaued	2026-09-29	deprecated	lettuis
looking-glass-cristal-larg	looking glass	cristal larg	2026-09-29	deprecated	looking-glass
looking-glass-cristal-small	looking glass	cristal small	2026-09-29	deprecated	looking-glass
looking-glass-stel-larg	looking glass	stel larg	2026-09-29	deprecated	looking-glass
looking-glass-stel-small	looking glass	stel small	2026-09-29	deprecated	looking-glass
lute-caces	lute	caces	2026-09-29	deprecated	lute
lute-fox-case-cologne	lute	fox case cologne	2026-09-29	deprecated	lute
lute-fox-case-venice	lute	fox case venice	2026-09-29	deprecated	lute
madder-crop-humberou	madder	crop humberou	2026-09-29	deprecated	madder
madder-mul	madder	mul	2026-09-29	deprecated	madder
madder-mull	madder	mull	2026-09-29	deprecated	madder
mail-andelotes	mail	andelotes	2026-09-29	deprecated	mail
malt-musti	malt	musti	2026-09-29	deprecated	malt
marten-taued	marten	taued	2026-09-29	deprecated	marten
morion-grauen	morion	grauen	2026-09-29	deprecated	morion
morion-plain	morion	plain	2026-09-29	deprecated	morion
mynk-taued	mynk	taued	2026-09-29	deprecated	mynk
mynk-untaued	mynk	untaued	2026-09-29	deprecated	mynk
nail-large	nail	large	2026-09-29	deprecated	nail
nail-large-large-headed-nail	nail	large large headed nail	2026-09-29	deprecated	nail
nail-large-that-4d-5d-6d	nail	large that 4d 5d 6d	2026-09-29	deprecated	nail
nail-small	nail	small	2026-09-29	deprecated	nail
napkin-diapor	napkin	diapor	2026-09-29	deprecated	napkin
napkin-dioper-coarse	napkin	dioper coarse	2026-09-29	deprecated	napkin
napkin-dioper-damask-uark	napkin	dioper damask uark	2026-09-29	deprecated	napkin
napkin-france	napkin	france	2026-09-29	deprecated	napkin
napkin-france-making	napkin	france making	2026-09-29	deprecated	napkin
nightcap-knitted-silk	nightcap	knitted silk	2026-09-29	deprecated	nightcap
nightcap-linen	nightcap	linen	2026-09-29	deprecated	nightcap
nightcap-saten	nightcap	saten	2026-09-29	deprecated	nightcap
nightcap-scarlet	nightcap	scarlet	2026-09-29	deprecated	nightcap
nightcap-velvet	nightcap	velvet	2026-09-29	deprecated	nightcap
nightcap-wool	nightcap	wool	2026-09-29	deprecated	nightcap
oil-bay	oil	bay	2026-09-29	deprecated	oil
oil-camomoia	oil	camomoia	2026-09-29	deprecated	oil
oil-chariosis	oil	chariosis	2026-09-29	deprecated	oil
oil-ciuil	oil	ciuil	2026-09-29	deprecated	oil
oil-lentisimum	oil	lentisimum	2026-09-29	deprecated	oil
oil-linsed	oil	linsed	2026-09-29	deprecated	oil
oil-masis	oil	masis	2026-09-29	deprecated	oil
oil-met-oil-rap	oil	met oil rap	2026-09-29	deprecated	oil
oil-oliu	oil	oliu	2026-09-29	deprecated	oil
oil-petoleum	oil	petoleum	2026-09-29	deprecated	oil
oil-spic	oil	spic	2026-09-29	deprecated	oil
oil-spik	oil	spik	2026-09-29	deprecated	oil
oil-tran	oil	tran	2026-09-29	deprecated	oil
oil-uol-oil	oil	uol oil	2026-09-29	deprecated	oil
oil-uol-tran	oil	uol tran	2026-09-29	deprecated	oil
otter-skin	otter	skin	2026-09-29	deprecated	otter
otter-skin-raw	otter	skin raw	2026-09-29	deprecated	otter
otter-skin-taued	otter	skin taued	2026-09-29	deprecated	otter
padlock-large	padlock	large	2026-09-29	deprecated	padlock
padlock-small	padlock	small	2026-09-29	deprecated	padlock
partisan-bor-speares-gilt	partisan	bor speares gilt	2026-09-29	deprecated	partisan
partisan-bor-speares-ungilt	partisan	bor speares ungilt	2026-09-29	deprecated	partisan
passement-silk	passement	silk	2026-09-29	deprecated	passement
passement-silk-file	passement	silk file	2026-09-29	deprecated	passement
paving-stone-earth	paving stone	earth	2026-09-29	deprecated	paving-stone
pelt-prussia	pelt	prussia	2026-09-29	deprecated	pelt
pelt-uesils	pelt	uesils	2026-09-29	deprecated	pelt
pen-case-alon	pen case	alon	2026-09-29	deprecated	pen-case
pen-case-inckhornes	pen case	inckhornes	2026-09-29	deprecated	pen-case
pen-case-inkehornes	pen case	inkehornes	2026-09-29	deprecated	pen-case
pen-case-uithout-inkehornes	pen case	uithout inkehornes	2026-09-29	deprecated	pen-case
peper-long	peper	long	2026-09-29	deprecated	peper
pin-piloues-cloth	pin	piloues cloth	2026-09-29	deprecated	pin
pin-piloues-velvet-silk	pin	piloues velvet silk	2026-09-29	deprecated	pin
pincers-pinsers	pincers	pinsers	2026-09-29	deprecated	pincers
pitch-tar	pitch	tar	2026-09-29	deprecated	pitch
playing-card-france-making	playing card	france making	2026-09-29	deprecated	playing-card
playing-table-brasel-bone	playing table	brasel bone	2026-09-29	deprecated	playing-table
playing-table-county-of-flanders-making-uainscot	playing table	county of flanders making uainscot	2026-09-29	deprecated	playing-table
playing-table-fine-damask-making	playing table	fine damask making	2026-09-29	deprecated	playing-table
playing-table-ualnut-tre	playing table	ualnut tre	2026-09-29	deprecated	playing-table
point-file	point	file	2026-09-29	deprecated	point
pouch-ring	pouch	ring	2026-09-29	deprecated	pouch
pouch-ringes	pouch	ringes	2026-09-29	deprecated	pouch
pouch-ringes-other-single-double	pouch	ringes other single double	2026-09-29	deprecated	pouch
pouch-stel-ringes	pouch	stel ringes	2026-09-29	deprecated	pouch
pouch-uith-lockes	pouch	uith lockes	2026-09-29	deprecated	pouch
primer-printed	primer	printed	2026-09-29	deprecated	primer
purse-bulions	purse	bulions	2026-09-29	deprecated	purse
purse-childrens	purse	childrens	2026-09-29	deprecated	purse
quern-2-stoneware	quern_2	stoneware	2026-09-29	deprecated	quern-2
quern-2-stoneware-musterd	quern_2	stoneware musterd	2026-09-29	deprecated	quern-2
quille-gos	quille	gos	2026-09-29	deprecated	quille
rabbit-skin-black	rabbit skin	black	2026-09-29	deprecated	rabbit-skin
rabbit-skin-grey	rabbit skin	grey	2026-09-29	deprecated	rabbit-skin
rabbit-skin-grey-out-of-season	rabbit skin	grey out of season	2026-09-29	deprecated	rabbit-skin
rabbit-skin-skines-in-season	rabbit skin	skines in season	2026-09-29	deprecated	rabbit-skin
rabbit-skin-skines-out-of-season	rabbit skin	skines out of season	2026-09-29	deprecated	rabbit-skin
raisin-corons	raisin	corons	2026-09-29	deprecated	raisin
raisin-large	raisin	large	2026-09-29	deprecated	raisin
raisin-son	raisin	son	2026-09-29	deprecated	raisin
reed-canes	reed	canes	2026-09-29	deprecated	reed
reed-coper-square-round	reed	coper square round	2026-09-29	deprecated	reed
rod-large	rod	large	2026-09-29	deprecated	rod
rod-small	rod	small	2026-09-29	deprecated	rod
rosin-poi-rosin-idem-est-quasi-quod-frankinsenc	rosin	poi rosin idem est quasi quod frankinsenc	2026-09-29	deprecated	rosin
sable-second-sort	sable	second sort	2026-09-29	deprecated	sable
sable-uorst	sable	uorst	2026-09-29	deprecated	sable
saffron-beiound-se	saffron	beiound se	2026-09-29	deprecated	saffron
salmon-girles	salmon	girles	2026-09-29	deprecated	salmon
salmon-gret-band	salmon	gret band	2026-09-29	deprecated	salmon
salmon-griles	salmon	griles	2026-09-29	deprecated	salmon
salmon-small-band	salmon	small band	2026-09-29	deprecated	salmon
salt-bay	salt	bay	2026-09-29	deprecated	salt
salt-bay-salted	salt	bay salted	2026-09-29	deprecated	salt
salt-ermoniak	salt	ermoniak	2026-09-29	deprecated	salt
salt-gem	salt	gem	2026-09-29	deprecated	salt
salt-selers	salt	selers	2026-09-29	deprecated	salt
salt-selors	salt	selors	2026-09-29	deprecated	salt
salt-white	salt	white	2026-09-29	deprecated	salt
sandalwood-ielou	sandalwood	ielou	2026-09-29	deprecated	sandalwood
sandalwood-omnes	sandalwood	omnes	2026-09-29	deprecated	sandalwood
sandalwood-stok	sandalwood	stok	2026-09-29	deprecated	sandalwood
sandalwood-white	sandalwood	white	2026-09-29	deprecated	sandalwood
satin-bruges	satin	bruges	2026-09-29	deprecated	satin
satin-bruges-counterfaitr-tinsel	satin	bruges counterfaitr tinsel	2026-09-29	deprecated	satin
satin-bruges-counterfeit-tinseld-c-u	satin	bruges counterfeit tinseld c u	2026-09-29	deprecated	satin
satin-bruges-purled-counterfeit	satin	bruges purled counterfeit	2026-09-29	deprecated	satin
satin-counterfeit-crimson	satin	counterfeit crimson	2026-09-29	deprecated	satin
satin-crimson-cunterfet	satin	crimson cunterfet	2026-09-29	deprecated	satin
satin-cyprus	satin	cyprus	2026-09-29	deprecated	satin
satin-cyprus-eueri-pec	satin	cyprus eueri pec	2026-09-29	deprecated	satin
satin-out-grain	satin	out grain	2026-09-29	deprecated	satin
satin-right-colduares-isle-of-wight-crain	satin	right colduares isle of wight crain	2026-09-29	deprecated	satin
satin-right-crimisin-grain-purple	satin	right crimisin grain purple	2026-09-29	deprecated	satin
satin-right-crimson-purple-grain	satin	right crimson purple grain	2026-09-29	deprecated	satin
satin-right-purled-gold	satin	right purled gold	2026-09-29	deprecated	satin
satin-tinsel-gold	satin	tinsel gold	2026-09-29	deprecated	satin
satin-tinsel-uith-gold	satin	tinsel uith gold	2026-09-29	deprecated	satin
satin-turqui	satin	turqui	2026-09-29	deprecated	satin
saw-carpenters-handsaues	saw	carpenters handsaues	2026-09-29	deprecated	saw
saw-tuo-handsaues	saw	tuo handsaues	2026-09-29	deprecated	saw
scammony-cakes	scammony	cakes	2026-09-29	deprecated	scammony
scammony-drug	scammony	drug	2026-09-29	deprecated	scammony
scissors-tailer	scissors	tailer	2026-09-29	deprecated	scissors
scissors-tailors	scissors	tailors	2026-09-29	deprecated	scissors
scissors-uemen-foreceptes	scissors	uemen foreceptes	2026-09-29	deprecated	scissors
sedes-carauai	sedes	carauai	2026-09-29	deprecated	sedes
sedes-colimander	sedes	colimander	2026-09-29	deprecated	sedes
sedes-uorm	sedes	uorm	2026-09-29	deprecated	sedes
seed-ambos	seed	ambos	2026-09-29	deprecated	seed
seed-cartani	seed	cartani	2026-09-29	deprecated	seed
seed-cucumus	seed	cucumus	2026-09-29	deprecated	seed
seed-papauer	seed	papauer	2026-09-29	deprecated	seed
shiermens-sheres-new	shiermens sheres	new	2026-09-29	deprecated	shiermens-sheres
shiermens-sheres-old	shiermens sheres	old	2026-09-29	deprecated	shiermens-sheres
shiermens-sheres-sheres	shiermens sheres	sheres	2026-09-29	deprecated	shiermens-sheres
shoe-new	shoe	new	2026-09-29	deprecated	shoe
shoe-old	shoe	old	2026-09-29	deprecated	shoe
silk-calon	silk	calon	2026-09-29	deprecated	silk
silk-chamblet	silk	chamblet	2026-09-29	deprecated	silk
silk-colain-clout-pound-four	silk	colain clout pound four	2026-09-29	deprecated	silk
silk-cologne	silk	cologne	2026-09-29	deprecated	silk
silk-feret	silk	feret	2026-09-29	deprecated	silk
silk-granado-black	silk	granado black	2026-09-29	deprecated	silk
silk-granado-dye	silk	granado dye	2026-09-29	deprecated	silk
silk-long-tuenti-ounc	silk	long tuenti ounc	2026-09-29	deprecated	silk
silk-long-uidelicet-tuelu-ounces	silk	long uidelicet tuelu ounces	2026-09-29	deprecated	silk
silk-nobes	silk	nobes	2026-09-29	deprecated	silk
silk-of-best-throuin	silk	of best throuin	2026-09-29	deprecated	silk
silk-paris	silk	paris	2026-09-29	deprecated	silk
silk-raw-best	silk	raw best	2026-09-29	deprecated	silk
silk-raw-cades	silk	raw cades	2026-09-29	deprecated	silk
silk-raw-dye	silk	raw dye	2026-09-29	deprecated	silk
silk-sackcloth	silk	sackcloth	2026-09-29	deprecated	silk
silk-saies	silk	saies	2026-09-29	deprecated	silk
silk-satin	silk	satin	2026-09-29	deprecated	silk
silk-short-ounces	silk	short ounces	2026-09-29	deprecated	silk
silk-short-uidelicet-tuelu-ounces	silk	short uidelicet tuelu ounces	2026-09-29	deprecated	silk
silk-spain	silk	spain	2026-09-29	deprecated	silk
silk-tapistri-uith	silk	tapistri uith	2026-09-29	deprecated	silk
silk-tapistri-uithout-cadas-uol	silk	tapistri uithout cadas uol	2026-09-29	deprecated	silk
silk-throuen-undied	silk	throuen undied	2026-09-29	deprecated	silk
silk-throun	silk	throun	2026-09-29	deprecated	silk
silk-thrum	silk	thrum	2026-09-29	deprecated	silk
silver-bruges	silver	bruges	2026-09-29	deprecated	silver
silver-cologne-gold	silver	cologne gold	2026-09-29	deprecated	silver
silver-gould-bruges	silver	gould bruges	2026-09-29	deprecated	silver
skein-long-white	skein	long white	2026-09-29	deprecated	skein
skein-long-white-file	skein	long white file	2026-09-29	deprecated	skein
soap-black	soap	black	2026-09-29	deprecated	soap
soap-castel	soap	castel	2026-09-29	deprecated	soap
soap-castel-venice	soap	castel venice	2026-09-29	deprecated	soap
soap-castil-isle-of-wight	soap	castil isle of wight	2026-09-29	deprecated	soap
soap-county-of-flanders	soap	county of flanders	2026-09-29	deprecated	soap
spear-uith-hedes	spear	uith hedes	2026-09-29	deprecated	spear
spear-uithout-hedes	spear	uithout hedes	2026-09-29	deprecated	spear
spectacles-fox-case	spectacles	fox case	2026-09-29	deprecated	spectacles
spoon-alchemy	spoon	alchemy	2026-09-29	deprecated	spoon
spoon-aulcamin	spoon	aulcamin	2026-09-29	deprecated	spoon
spur-black-uelued	spur	black uelued	2026-09-29	deprecated	spur
spur-gilt-velvet	spur	gilt velvet	2026-09-29	deprecated	spur
standish-couerid-uith-lether-gilt-ungilt	standish	couerid uith lether gilt ungilt	2026-09-29	deprecated	standish
stockfish-cropelinges	stockfish	cropelinges	2026-09-29	deprecated	stockfish
stockfish-cropling	stockfish	cropling	2026-09-29	deprecated	stockfish
stockfish-lubfish	stockfish	lubfish	2026-09-29	deprecated	stockfish
stockfish-titling	stockfish	titling	2026-09-29	deprecated	stockfish
stockfish-titlinges	stockfish	titlinges	2026-09-29	deprecated	stockfish
stool-covered-chambr-basons	stool	covered chambr basons	2026-09-29	deprecated	stool
stool-covered-chambr-uithout-basons	stool	covered chambr uithout basons	2026-09-29	deprecated	stool
sword-blade-coarse	sword blade	coarse	2026-09-29	deprecated	sword-blade
sword-blade-slauoni	sword blade	slauoni	2026-09-29	deprecated	sword-blade
taffeta-narrow	taffeta	narrow	2026-09-29	deprecated	taffeta
taffeta-narrow-spain	taffeta	narrow spain	2026-09-29	deprecated	taffeta
taffeta-uocata-levant	taffeta	uocata levant	2026-09-29	deprecated	taffeta
taffeta-uocata-tower	taffeta	uocata tower	2026-09-29	deprecated	taffeta
tapestry-cadis	tapestry	cadis	2026-09-29	deprecated	tapestry
tapestry-hear-coarse	tapestry	hear coarse	2026-09-29	deprecated	tapestry
tapestry-silk	tapestry	silk	2026-09-29	deprecated	tapestry
tapestry-uerderes-cades	tapestry	uerderes cades	2026-09-29	deprecated	tapestry
tapestry-uerderes-silk	tapestry	uerderes silk	2026-09-29	deprecated	tapestry
tapestry-uerderes-uithout-silk	tapestry	uerderes uithout silk	2026-09-29	deprecated	tapestry
tapestry-uol-uerder	tapestry	uol uerder	2026-09-29	deprecated	tapestry
tar-bithina-commune	tar	bithina commune	2026-09-29	deprecated	tar
tar-bithina-uetera	tar	bithina uetera	2026-09-29	deprecated	tar
target-coarse	target	coarse	2026-09-29	deprecated	target
target-fine	target	fine	2026-09-29	deprecated	target
thread-botom	thread	botom	2026-09-29	deprecated	thread
thread-bruges	thread	bruges	2026-09-29	deprecated	thread
thread-colain	thread	colain	2026-09-29	deprecated	thread
thread-cologne	thread	cologne	2026-09-29	deprecated	thread
thread-lions	thread	lions	2026-09-29	deprecated	thread
thread-otener	thread	otener	2026-09-29	deprecated	thread
thread-oughtnal	thread	oughtnal	2026-09-29	deprecated	thread
thread-outnard	thread	outnard	2026-09-29	deprecated	thread
thread-pack	thread	pack	2026-09-29	deprecated	thread
thread-paris	thread	paris	2026-09-29	deprecated	thread
thread-pecing	thread	pecing	2026-09-29	deprecated	thread
thread-pesing	thread	pesing	2026-09-29	deprecated	thread
thread-pirl-lac-antel	thread	pirl lac antel	2026-10-03	deprecated	thread
thread-riband	thread	riband	2026-10-03	deprecated	thread
thread-ribond	thread	ribond	2026-10-03	deprecated	thread
thread-uotenal	thread	uotenal	2026-09-29	deprecated	thread
tick-bedes	tick	bedes	2026-09-29	deprecated	tick
tick-turnei-tikes-bedes	tick	turnei tikes bedes	2026-09-29	deprecated	tick
tin-cornish	tin	cornish	2026-09-29	deprecated	tin
tin-deuonshir	tin	deuonshir	2026-09-29	deprecated	tin
tin-glass	tin	glass	2026-09-29	deprecated	tin
tin-worked	tin	worked	2026-09-29	deprecated	tin
trencher-comon	trencher	comon	2026-09-29	deprecated	trencher
trencher-painted	trencher	painted	2026-09-29	deprecated	trencher
trencher-thick	trencher	thick	2026-09-29	deprecated	trencher
velvet-bages-large	velvet	bages large	2026-09-29	deprecated	velvet
velvet-bages-small	velvet	bages small	2026-09-29	deprecated	velvet
velvet-colors-sau-right-crimson	velvet	colors sau right crimson	2026-09-29	deprecated	velvet
velvet-dye-out-grain	velvet	dye out grain	2026-09-29	deprecated	velvet
velvet-rapers-black-sheathes	velvet	rapers black sheathes	2026-09-29	deprecated	velvet
velvet-rapers-gilt-sheathes	velvet	rapers gilt sheathes	2026-09-29	deprecated	velvet
velvet-right-crimisin-grain	velvet	right crimisin grain	2026-09-29	deprecated	velvet
velvet-right-crimson	velvet	right crimson	2026-09-29	deprecated	velvet
velvet-touch-boxes-covered	velvet	touch boxes covered	2026-09-29	deprecated	velvet
walnut-nutes	walnut	nutes	2026-09-29	deprecated	walnut
winestone-argal-white	winestone	argal white	2026-09-29	deprecated	winestone
winestone-red	winestone	red	2026-09-29	deprecated	winestone
winestone-uinston	winestone	uinston	2026-09-29	deprecated	winestone
wire-claricordes	wire	claricordes	2026-09-29	deprecated	wire
wire-clericordes	wire	clericordes	2026-09-29	deprecated	wire
wire-pirling	wire	pirling	2026-09-29	deprecated	wire
wire-purling	wire	purling	2026-09-29	deprecated	wire
woad-green	woad	green	2026-09-29	deprecated	woad
woad-ile-asorns	woad	ile asorns	2026-09-29	deprecated	woad
woad-ile-surei	woad	ile surei	2026-09-29	deprecated	woad
woad-toulos	woad	toulos	2026-09-29	deprecated	woad
woad-wood-jen	woad	wood jen	2026-09-29	deprecated	woad
wood-alus	wood	alus	2026-09-29	deprecated	wood
wood-balsamum	wood	balsamum	2026-09-29	deprecated	wood
worsted-file	worsted	file	2026-09-29	deprecated	worsted
worsted-iarn	worsted	iarn	2026-09-29	deprecated	worsted
worsted-lille	worsted	lille	2026-09-29	deprecated	worsted
worsted-noruich-worsted	worsted	noruich worsted	2026-09-29	deprecated	worsted
worsted-rusels-broad	worsted	rusels broad	2026-09-29	deprecated	worsted
worsted-s-thomas	worsted	s thomas	2026-09-29	deprecated	worsted
worsted-saint-thomas	worsted	saint thomas	2026-09-29	deprecated	worsted
worsted-seint-saint-omer-narrow-half	worsted	seint saint omer narrow half	2026-09-29	deprecated	worsted
